id,pagerank
http://jsjkgvagvb6v52h57e73bv5k5lxiim5gqrrw6qz24rqx7cfksjrzxkyd.onion,85.69842924748902
http://underdiriled6lvdfgiw4e5urfofuslnz7ewictzf76h4qb73fxbsxad.onion/category/BUSINESS,52.99764655610505
http://underdiriled6lvdfgiw4e5urfofuslnz7ewictzf76h4qb73fxbsxad.onion,47.230468253928294
http://kw4zlnfhxje7top26u57iosg55i7dzuljjcyswo2clgc3mdliviswwyd.onion,31.03975200148816
http://underdiriled6lvdfgiw4e5urfofuslnz7ewictzf76h4qb73fxbsxad.onion/category/BUSINESS/pg/6,28.780720122856895
http://torbuyxpe6auueywlctu4wz6ur3o5n2meybt6tyi4rmeudtjsysayqyd.onion/?utm_source=bestdeep,21.931866800668306
http://underdiriled6lvdfgiw4e5urfofuslnz7ewictzf76h4qb73fxbsxad.onion/category/BUSINESS/pg/520,18.3259882896764
https://blackhost7pws76u6vohksdahnm6adf7riukgcmahrwt43wv2drvyxid.onion,15.738307881367358
http://underdiriled6lvdfgiw4e5urfofuslnz7ewictzf76h4qb73fxbsxad.onion/category/BUSINESS/pg/514,14.198514166742445
http://underdiriled6lvdfgiw4e5urfofuslnz7ewictzf76h4qb73fxbsxad.onion/category/BUSINESS/pg/511,11.23497614287572
